Workbook

Sheet Product Backlog
B1: Story Points | C1: Sprint | D1: Stakeholder | E1: Wants to... | F1: So that... | G1: So that...
A2: =Row()-1 -> 1 | B2: 5 | C2: 1 | D2: User | E2: View information about the charity and race | G2: They understand the events purpose and goals
A3: =Row()-1 -> 2 | B3: 5 | C3: 1 | D3: User | E3: View race date, time, and location | G3: They know when and where the race takes place
A4: =Row()-1 -> 3 | B4: 8 | C4: 1 | D4: User | E4: Access the site on mobile, tablet, and desktop | G4: They can use the site on any device with good user experience.
A5: =Row()-1 -> 4 | B5: 5 | C5: 1 | D5: User | E5: View the route and layout of the race | G5: They know where they are going and the boundaries of the race
A6: =Row()-1 -> 5 | B6: 8 | C6: 2 | D6: User | E6: Register for the 5k with name, email, age, emergency contact and password | G6: They can be prepared to participate in the race
A7: =Row()-1 -> 6 | B7: 5 | C7: 2 | D7: User | E7: Log in securely to their account | G7: They can access exclusive race information
A8: =Row()-1 -> 7 | B8: 3 | C8: 2 | D8: User | E8: Receive error messages for incorrect login or missing registration fields | G8: They understand what needs to be corrected
A9: =Row()-1 -> 8 | B9: 5 | C9: 2 | D9: User | E9: create or join a team by entering a team name | G9: They can run as a group with family and friends
A10: =Row()-1 -> 9 | B10: 5 | C10: 3 | D10: User | E10: View race-day schedule | G10: They know event timing and check in times
A11: =Row()-1 -> 10 | B11: 5 | C11: 3 | D11: User | E11: View teammates | G11: So they can plan together for the race
A12: =Row()-1 -> 11 | B12: 5 | C12: 3 | D12: User | E12: View addition race instructions and rules | G12: To further prepare for race day
A13: =Row()-1 -> 12 | B13: 8 | C13: 4 | D13: Client administrator | E13: View a table of all registered runners | G13: They can manage participation
... A17: =Row()-1 -> 16 | B17: 5 | C17: 5 | D17: Configuration Manager | E17: Configure email reminder timing | G17: Notifications are sent at appropriate intervals to prevent spamming or info being hidden
A18: =Row()-1 -> 17
A19: =Row()-1 -> 18
A20: Past stories
B21: 5 | C21: 1 | D21: Developer | E21: Get all development tools working on local machine | G21: The team can begin development
B22: 5 | C22: 1 | D22: Configuration Manager | E22: Identify hosting and deployment infrastructure | F22: the code can run | G22: The application can be deployed
B23: 3 | C23: 1 | D23: Developer | E23: Set up project repository in Github | G23: Code can be version controlled
B24: 3 | C24: 1 | D24: Developer | E24: Create initial project structure any folders layout etc | G24: The team has a clean development foundation
B25: 5 | C25: 1 | D25: Developer | E25: Configure database connection locally | G25: Data can be stored and tested
B26: 3 | C26: 1 | D26: Configuration Manager | E26: Define environment configuration settings | G26: The apps runs consistently across environments
B27: 2 | C27: 1 | D27: Developer | E27: Install and configure UI framework | G27: Responsive design can be implemented efficiently
B28: 2 | C28: 1 | D28: Configuration Manager | E28: Create deployment checklist | G28: Production deployment is controlled and repeatable

Sheet Sprint Backlog (weeks 1-2)
A1: Sprint's Goal: "Public Website, Registration, and Basic Login System" | G1: Start Date: | H1: 46069 | I1: Work Done per day per task [Hours]
A2: User Story | B2: Time (est) | C2: Time (spent) | D2: Time (left) | E2: Task | F2: Time (est) | G2: Who's working | H2: Status | I2: =H1 -> 46069 | J2: =I2+1 -> 46070 | K2: =J2+1 -> 46071 | L2: =K2+1 -> 46072 | M2: =L2+1 -> 46073 | N2: =M2+1 -> 46074 | O2: =N2+1 -> 46075 | P2: =O2+1 -> 46076 | Q2: =P2+1 -> 46077 | ... V2: =U2+1 -> 46082
B3: 0 | C3: 0 | D3: 0
A18: View Charity and Race Information | B18: =SUM(F18:F23) -> 13 | C18: =IF(B18<SUM(I18:I23, J18:J23, K18:K23,L18:L23,M18:M23,N18:N23,O18:O23,P18:P23,Q18:Q23,R18:R23,S18:S23,T18:T23,U18:U23,V18:V23),SUM(I18:I23, J18:J23, K18:K23,L18:L23,M18:M23,N18:N23,O18:O23,P18:P23,Q18:Q23,R18:R23,S18:S23,T18:T23,U18:U23,V18:V23),B18) -> 14 | D18: =IF(C18>B18,$C18-(SUM(I18:I23, J18:J23, K18:K23,L18:L23,M18:M23,N18:N23,O18:O23,P18:P23,Q18:Q23,R18:R23,S18:S23,T18:T23,U18:U23,V18:V23)),$B18-(SUM(I18:I23, J18:J23, K18:K23,L18:L23,M18:M23,N18:N23,O18:O23,P18:P23,Q18:Q23,R18:R23,S18:S23,T18:T23,U18:U23,V18:V23))) -> 0 | E18: Create homepage layout | F18: 3 | G18: Daniel Howard | H18: Done | J18: 1 | M18: 1 | R18: 1
E19: Add charity mission section on the UI | F19: 2 | G19: Bryce Batey | H19: Done | K19: 1 | Q19: 1
E20: Add race date/location information section | F20: 3 | G20: Ponpawit Potisom | H20: Done | I20: 1 | L20: 1 | S20: 1
E21: add navigation bar | F21: 3 | G21: Bryce Batey | H21: Done | K21: 1 | L21: 1 | Q21: 1
E22: Finish last touch up for homepage | F22: 2 | G22: Daniel Howard | H22: Done | J22: 1 | R22: 2
E23: - | F23: 0 | G23: Ponpawit Potisom | H23: Done
A24: User Register for 5K | B24: =SUM(F24:F26) -> 9 | C24: =IF(B24<SUM(I24:I26, J24:J26, K24:K26,L24:L26,M24:M26,N24:N26,O24:O26,P24:P26,Q24:Q26,R24:R26,S24:S26,T24:T26,U24:U26,V24:V26),SUM(I24:I26, J24:J26, K24:K26,L24:L26,M24:M26,N24:N26,O24:O26,P24:P26,Q24:Q26,R24:R26,S24:S26,T24:T26,U24:U26,V24:V26),B24) -> 9 | D24: =IF(C24>B24,$C24-(SUM(I24:I26, J24:J26, K24:K26,L24:L26,M24:M26,N24:N26,O24:O26,P24:P26,Q24:Q26,R24:R26,S24:S26,T24:T26,U24:U26,V24:V26)),$B24-(SUM(I24:I26, J24:J26, K24:K26,L24:L26,M24:M26,N24:N26,O24:O26,P24:P26,Q24:Q26,R24:R26,S24:S26,T24:T26,U24:U26,V24:V26))) -> 0 | E24: Design registration page UI | F24: 2 | G24: Daniel Howard | H24: Done | K24: 2
E25: Add required fields (basic info) | F25: 4 | G25: Bryce Batey | H25: Done | K25: 1 | Q25: 2 | T25: 1
E26: Create database user table | F26: 3 | G26: Ponpawit Potisom | H26: Done | J26: 1 | M26: 1 | R26: 1
A27: Login System / Display logiin errors | B27: =SUM(F27:F30) -> 21 | C27: =IF(B27<SUM(I27:I30, J27:J30, K27:K30,L27:L30,M27:M30,N27:N30,O27:O30,P27:P30,Q27:Q30,R27:R30,S27:S30,T27:T30,U27:U30,V27:V30),SUM(I27:I30, J27:J30, K27:K30,L27:L30,M27:M30,N27:N30,O27:O30,P27:P30,Q27:Q30,R27:R30,S27:S30,T27:T30,U27:U30,V27:V30),B27) -> 22 | D27: =IF(C27>B27,$C27-(SUM(I27:I30, J27:J30, K27:K30,L27:L30,M27:M30,N27:N30,O27:O30,P27:P30,Q27:Q30,R27:R30,S27:S30,T27:T30,U27:U30,V27:V30)),$B27-(SUM(I27:I30, J27:J30, K27:K30,L27:L30,M27:M30,N27:N30,O27:O30,P27:P30,Q27:Q30,R27:R30,S27:S30,T27:T30,U27:U30,V27:V30))) -> 0 | E27: Create login page UI | F27: 6 | G27: Ponpawit Potisom | H27: Done | I27: 1 | K27: 1 | M27: 1 | Q27: 1 | S27: 1 | T27: 1
E28: Implement login logic + logout feature | F28: 5 | G28: Daniel Howard | H28: Done | J28: 1 | L28: 2 | Q28: 2 | S28: 1
E29: Implement session management | F29: 5 | G29: Bryce Batey | H29: Done | K29: 1 | P29: 2 | R29: 1 | T29: 1
E30: registration vaildation messages + login error messages | F30: 5 | G30: Ponpawit Potisom | H30: Done | I30: 1 | L30: 1 | Q30: 2 | T30: 1
A31: TOTAL | B31: =SUM(B3:B30) -> 43 | C31: =SUM(C3:C30) -> 45 | D31: =SUM(D3:D30) -> 0 | I31: =SUM(I3:I30) -> 3 | J31: =SUM(J3:J30) -> 4 | K31: =SUM(K3:K30) -> 7 | L31: =SUM(L3:L30) -> 5 | M31: =SUM(M3:M30) -> 3 | N31: =SUM(N3:N30) -> 0 | O31: =SUM(O3:O30) -> 0 | P31: =SUM(P3:P30) -> 2 | ... V31: =SUM(V3:V30) -> 0
A32: Daily burnout | B32: =B31-SUM(I32:V32) -> 43 | C32: =B32/B31 -> 1 | I32: =SUM('Team members'!$B:$B) -> 0 | J32: =SUM('Team members'!$B:$B) -> 0 | K32: =SUM('Team members'!$B:$B) -> 0 | L32: =SUM('Team members'!$B:$B) -> 0 | M32: =SUM('Team members'!$B:$B) -> 0 | N32: 0 | O32: 0 | P32: =SUM('Team members'!$B:$B) -> 0 | Q32: =SUM('Team members'!$B:$B) -> 0 | R32: =SUM('Team members'!$B:$B) -> 0 | S32: =SUM('Team members'!$B:$B) -> 0 | T32: =SUM('Team members'!$B:$B) -> 0 | U32: 0 | V32: 0
A33: Total time left (from estimate) | G33: Estimate | H33: =B31 -> 43 | I33: =MAX(H33-I32,0) -> 43 | J33: =MAX(I33-J32,0) -> 43 | K33: =MAX(J33-K32,0) -> 43 | L33: =MAX(K33-L32,0) -> 43 | M33: =MAX(L33-M32,0) -> 43 | N33: =MAX(M33-N32,0) -> 43 | O33: =MAX(N33-O32,0) -> 43 | P33: =MAX(O33-P32,0) -> 43 | ... V33: =MAX(U33-V32,0) -> 43
A34: Total time left (from spent) | G34: Burnout | H34: =C31 -> 45 | I34: =H34-I31 -> 42 | J34: =I34-J31 -> 38 | K34: =J34-K31 -> 31 | L34: =K34-L31 -> 26 | M34: =L34-M31 -> 23 | N34: =M34-N31 -> 23 | O34: =N34-O31 -> 23 | P34: =O34-P31 -> 21 | ... V34: =U34-V31 -> 0
A36: Complexity (story points) | B36: 31

Sheet Sprint Backlog (weeks 3-4)
A1: Sprint's Goal: "User Registration, Login, and Dashboard System" | G1: Start Date: | H1: 46083 | I1: Work Done per day per task [Hours]
A2: User Story | B2: Time (est) | C2: Time (spent) | D2: Time (left) | E2: Task | F2: Time (est) | G2: Who's working | H2: Status | I2: =H1 -> 46083 | J2: =I2+1 -> 46084 | K2: =J2+1 -> 46085 | L2: =K2+1 -> 46086 | M2: =L2+1 -> 46087 | N2: =M2+1 -> 46088 | O2: =N2+1 -> 46089 | P2: =O2+1 -> 46090 | Q2: =P2+1 -> 46091 | ... V2: =U2+1 -> 46096
B3: 0 | C3: 0 | D3: 0
A18: User Registration | B18: =SUM(F18:F23) -> 16 | C18: =IF(B18<SUM(I18:I23, J18:J23, K18:K23,L18:L23,M18:M23,N18:N23,O18:O23,P18:P23,Q18:Q23,R18:R23,S18:S23,T18:T23,U18:U23,V18:V23),SUM(I18:I23, J18:J23, K18:K23,L18:L23,M18:M23,N18:N23,O18:O23,P18:P23,Q18:Q23,R18:R23,S18:S23,T18:T23,U18:U23,V18:V23),B18) -> 20 | D18: =IF(C18>B18,$C18-(SUM(I18:I23, J18:J23, K18:K23,L18:L23,M18:M23,N18:N23,O18:O23,P18:P23,Q18:Q23,R18:R23,S18:S23,T18:T23,U18:U23,V18:V23)),$B18-(SUM(I18:I23, J18:J23, K18:K23,L18:L23,M18:M23,N18:N23,O18:O23,P18:P23,Q18:Q23,R18:R23,S18:S23,T18:T23,U18:U23,V18:V23))) -> 0 | E18: Design registration page UI | F18: 3 | G18: Daniel Howard | H18: Done | I18: 1 | M18: 1 | Q18: 1 | T18: 1
E19: Add input fields (name, email, age) | F19: 3 | G19: Bryce Batey | H19: Done | K19: 1 | P19: 1 | S19: 1
E20: Add password + team field | F20: 2 | G20: Ponpawit Potisom | H20: Done | L20: 1 | Q20: 1
E21: Add form validation | F21: 4 | G21: Daniel Howard | H21: Done | J21: 2 | P21: 1 | S21: 2
E22: Prevent duplicate email | F22: 2 | G22: Bryce Batey | H22: Done | K22: 1 | R22: 1 | T22: 1
E23: Store user data | F23: 2 | G23: Ponpawit Potisom | H23: Done | I23: 1 | P23: 1 | S23: 1
A24: Login System | B24: =SUM(F24:F26) -> 11 | C24: =IF(B24<SUM(I24:I26, J24:J26, K24:K26,L24:L26,M24:M26,N24:N26,O24:O26,P24:P26,Q24:Q26,R24:R26,S24:S26,T24:T26,U24:U26,V24:V26),SUM(I24:I26, J24:J26, K24:K26,L24:L26,M24:M26,N24:N26,O24:O26,P24:P26,Q24:Q26,R24:R26,S24:S26,T24:T26,U24:U26,V24:V26),B24) -> 11 | D24: =IF(C24>B24,$C24-(SUM(I24:I26, J24:J26, K24:K26,L24:L26,M24:M26,N24:N26,O24:O26,P24:P26,Q24:Q26,R24:R26,S24:S26,T24:T26,U24:U26,V24:V26)),$B24-(SUM(I24:I26, J24:J26, K24:K26,L24:L26,M24:M26,N24:N26,O24:O26,P24:P26,Q24:Q26,R24:R26,S24:S26,T24:T26,U24:U26,V24:V26))) -> 0 | E24: Create login page UI | F24: 3 | G24: Ponpawit Potisom | H24: Done | J24: 1 | M24: 1 | R24: 1
E25: Implement login authentication | F25: 5 | G25: Bryce Batey | H25: Done | K25: 1 | M25: 2 | Q25: 1 | S25: 1
E26: Add error handling (wrong password) | F26: 3 | G26: Daniel Howard | H26: Done | J26: 1 | M26: 1 | P26: 1
A27: Basic Navigation | B27: =SUM(F27:F30) -> 11 | C27: =IF(B27<SUM(I27:I30, J27:J30, K27:K30,L27:L30,M27:M30,N27:N30,O27:O30,P27:P30,Q27:Q30,R27:R30,S27:S30,T27:T30,U27:U30,V27:V30),SUM(I27:I30, J27:J30, K27:K30,L27:L30,M27:M30,N27:N30,O27:O30,P27:P30,Q27:Q30,R27:R30,S27:S30,T27:T30,U27:U30,V27:V30),B27) -> 11 | D27: =IF(C27>B27,$C27-(SUM(I27:I30, J27:J30, K27:K30,L27:L30,M27:M30,N27:N30,O27:O30,P27:P30,Q27:Q30,R27:R30,S27:S30,T27:T30,U27:U30,V27:V30)),$B27-(SUM(I27:I30, J27:J30, K27:K30,L27:L30,M27:M30,N27:N30,O27:O30,P27:P30,Q27:Q30,R27:R30,S27:S30,T27:T30,U27:U30,V27:V30))) -> 0 | E27: Build navigation bar | F27: 3 | G27: Daniel Howard | H27: Done | K27: 1 | R27: 1
E28: Link pages (Home, Login, Register) | F28: 3 | G28: Bryce Batey | H28: Done | L28: 1 | P28: 1 | T28: 1
E29: Add button navigation logic | F29: 2 | G29: Daniel Howard | H29: Done | J29: 1 | Q29: 1
E30: Add logout functionality | F30: 3 | G30: Ponpawit Potisom | H30: Done | K30: 1 | P30: 2 | S30: 1
A31: TOTAL | B31: =SUM(B3:B30) -> 38 | C31: =SUM(C3:C30) -> 42 | D31: =SUM(D3:D30) -> 0 | I31: =SUM(I3:I30) -> 2 | J31: =SUM(J3:J30) -> 5 | K31: =SUM(K3:K30) -> 5 | L31: =SUM(L3:L30) -> 2 | M31: =SUM(M3:M30) -> 5 | N31: =SUM(N3:N30) -> 0 | O31: =SUM(O3:O30) -> 0 | P31: =SUM(P3:P30) -> 7 | ... V31: =SUM(V3:V30) -> 0
A32: Daily burnout | B32: =B31-SUM(I32:V32) -> 38 | C32: =B32/B31 -> 1 | I32: =SUM('Team members'!$B:$B) -> 0 | J32: =SUM('Team members'!$B:$B) -> 0 | K32: =SUM('Team members'!$B:$B) -> 0 | L32: =SUM('Team members'!$B:$B) -> 0 | M32: =SUM('Team members'!$B:$B) -> 0 | N32: 0 | O32: 0 | P32: =SUM('Team members'!$B:$B) -> 0 | Q32: =SUM('Team members'!$B:$B) -> 0 | R32: =SUM('Team members'!$B:$B) -> 0 | S32: =SUM('Team members'!$B:$B) -> 0 | T32: =SUM('Team members'!$B:$B) -> 0 | U32: 0 | V32: 0
A33: Total time left (from estimate) | G33: Estimate | H33: =B31 -> 38 | I33: =MAX(H33-I32,0) -> 38 | J33: =MAX(I33-J32,0) -> 38 | K33: =MAX(J33-K32,0) -> 38 | L33: =MAX(K33-L32,0) -> 38 | M33: =MAX(L33-M32,0) -> 38 | N33: =MAX(M33-N32,0) -> 38 | O33: =MAX(N33-O32,0) -> 38 | P33: =MAX(O33-P32,0) -> 38 | ... V33: =MAX(U33-V32,0) -> 38
A34: Total time left (from spent) | G34: Burnout | H34: =C31 -> 42 | I34: =H34-I31 -> 40 | J34: =I34-J31 -> 35 | K34: =J34-K31 -> 30 | L34: =K34-L31 -> 28 | M34: =L34-M31 -> 23 | N34: =M34-N31 -> 23 | O34: =N34-O31 -> 23 | P34: =O34-P31 -> 16 | ... V34: =U34-V31 -> 0
A36: Complexity (story points) | B36: 31

Sheet Sprint Backlog (weeks 5-6)
A1: Sprint's Goal: Build user dashboard + admin page and display personalized data | G1: Start Date: | H1: 46097 | I1: Work Done per day per task [Hours]
A2: User Story | B2: Time (est) | C2: Time (spent) | D2: Time (left) | E2: Task | F2: Time (est) | G2: Who's working | H2: Status | I2: =H1 -> 46097 | J2: =I2+1 -> 46098 | K2: =J2+1 -> 46099 | L2: =K2+1 -> 46100 | M2: =L2+1 -> 46101 | N2: =M2+1 -> 46102 | O2: =N2+1 -> 46103 | P2: =O2+1 -> 46104 | Q2: =P2+1 -> 46105 | ... V2: =U2+1 -> 46110
B3: 0 | C3: 0 | D3: 0
A18: Dashboard Page | B18: =SUM(F18:F23) -> 21 | C18: =IF(B18<SUM(I18:I23, J18:J23, K18:K23,L18:L23,M18:M23,N18:N23,O18:O23,P18:P23,Q18:Q23,R18:R23,S18:S23,T18:T23,U18:U23,V18:V23),SUM(I18:I23, J18:J23, K18:K23,L18:L23,M18:M23,N18:N23,O18:O23,P18:P23,Q18:Q23,R18:R23,S18:S23,T18:T23,U18:U23,V18:V23),B18) -> 22 | D18: =IF(C18>B18,$C18-(SUM(I18:I23, J18:J23, K18:K23,L18:L23,M18:M23,N18:N23,O18:O23,P18:P23,Q18:Q23,R18:R23,S18:S23,T18:T23,U18:U23,V18:V23)),$B18-(SUM(I18:I23, J18:J23, K18:K23,L18:L23,M18:M23,N18:N23,O18:O23,P18:P23,Q18:Q23,R18:R23,S18:S23,T18:T23,U18:U23,V18:V23))) -> 0 | E18: Create dashboard layout | F18: 4 | G18: Daniel Howard | H18: Done | J18: 1 | L18: 1 | Q18: 1 | T18: 1
E19: Display user info | F19: 4 | G19: Bryce Batey | H19: Done | I19: 2 | K19: 1 | M19: 1
E20: Show team members | F20: 4 | G20: Ponpawit Potisom | H20: Done | J20: 1 | M20: 1 | R20: 1 | T20: 1
E21: Add checklist section | F21: 4 | G21: Daniel Howard | H21: Done | K21: 1 | M21: 2 | Q21: 2
E22: Display race schedule | F22: 4 | G22: Bryce Batey | H22: Done | I22: 1 | L22: 1 | R22: 1 | T22: 1
E23: Double check if it works | F23: 1 | G23: Ponpawit Potisom | H23: Done | J23: 1
A24: Data Integration | B24: =SUM(F24:F26) -> 6 | C24: =IF(B24<SUM(I24:I26, J24:J26, K24:K26,L24:L26,M24:M26,N24:N26,O24:O26,P24:P26,Q24:Q26,R24:R26,S24:S26,T24:T26,U24:U26,V24:V26),SUM(I24:I26, J24:J26, K24:K26,L24:L26,M24:M26,N24:N26,O24:O26,P24:P26,Q24:Q26,R24:R26,S24:S26,T24:T26,U24:U26,V24:V26),B24) -> 6 | D24: =IF(C24>B24,$C24-(SUM(I24:I26, J24:J26, K24:K26,L24:L26,M24:M26,N24:N26,O24:O26,P24:P26,Q24:Q26,R24:R26,S24:S26,T24:T26,U24:U26,V24:V26)),$B24-(SUM(I24:I26, J24:J26, K24:K26,L24:L26,M24:M26,N24:N26,O24:O26,P24:P26,Q24:Q26,R24:R26,S24:S26,T24:T26,U24:U26,V24:V26))) -> 0 | E24: Load user data after login | F24: 2 | G24: Ponpawit Potisom | H24: Done | K24: 2
E25: Connect dashboard to stored data | F25: 2 | G25: Bryce Batey | H25: Done | J25: 1 | Q25: 1
E26: Update UI dynamically | F26: 2 | G26: Daniel Howard | H26: Done | L26: 1 | S26: 1
A27: Admin Panel | B27: =SUM(F27:F30) -> 10 | C27: =IF(B27<SUM(I27:I30, J27:J30, K27:K30,L27:L30,M27:M30,N27:N30,O27:O30,P27:P30,Q27:Q30,R27:R30,S27:S30,T27:T30,U27:U30,V27:V30),SUM(I27:I30, J27:J30, K27:K30,L27:L30,M27:M30,N27:N30,O27:O30,P27:P30,Q27:Q30,R27:R30,S27:S30,T27:T30,U27:U30,V27:V30),B27) -> 10 | D27: =IF(C27>B27,$C27-(SUM(I27:I30, J27:J30, K27:K30,L27:L30,M27:M30,N27:N30,O27:O30,P27:P30,Q27:Q30,R27:R30,S27:S30,T27:T30,U27:U30,V27:V30)),$B27-(SUM(I27:I30, J27:J30, K27:K30,L27:L30,M27:M30,N27:N30,O27:O30,P27:P30,Q27:Q30,R27:R30,S27:S30,T27:T30,U27:U30,V27:V30))) -> 0 | E27: Create admin page UI | F27: 3 | G27: Daniel Howard | H27: Done | K27: 1 | P27: 1 | R27: 1
E28: Build basic users table | F28: 3 | G28: Bryce Batey | H28: Done | I28: 1 | M28: 1 | T28: 1
E29: Improve table layout | F29: 2 | G29: Daniel Howard | H29: Done | K29: 1 | Q29: 1
E30: Display user data (name, email, age, team) | F30: 2 | G30: Ponpawit Potisom | H30: Done | T30: 2
A31: TOTAL | B31: =SUM(B3:B30) -> 37 | C31: =SUM(C3:C30) -> 38 | D31: =SUM(D3:D30) -> 0 | I31: =SUM(I3:I30) -> 4 | J31: =SUM(J3:J30) -> 4 | K31: =SUM(K3:K30) -> 6 | L31: =SUM(L3:L30) -> 3 | M31: =SUM(M3:M30) -> 5 | N31: =SUM(N3:N30) -> 0 | O31: =SUM(O3:O30) -> 0 | P31: =SUM(P3:P30) -> 1 | ... V31: =SUM(V3:V30) -> 0
A32: Daily burnout | B32: =B31-SUM(I32:V32) -> 37 | C32: =B32/B31 -> 1 | I32: =SUM('Team members'!$B:$B) -> 0 | J32: =SUM('Team members'!$B:$B) -> 0 | K32: =SUM('Team members'!$B:$B) -> 0 | L32: =SUM('Team members'!$B:$B) -> 0 | M32: =SUM('Team members'!$B:$B) -> 0 | N32: 0 | O32: 0 | P32: =SUM('Team members'!$B:$B) -> 0 | Q32: =SUM('Team members'!$B:$B) -> 0 | R32: =SUM('Team members'!$B:$B) -> 0 | S32: =SUM('Team members'!$B:$B) -> 0 | T32: =SUM('Team members'!$B:$B) -> 0 | U32: 0 | V32: 0
A33: Total time left (from estimate) | G33: Estimate | H33: =B31 -> 37 | I33: =MAX(H33-I32,0) -> 37 | J33: =MAX(I33-J32,0) -> 37 | K33: =MAX(J33-K32,0) -> 37 | L33: =MAX(K33-L32,0) -> 37 | M33: =MAX(L33-M32,0) -> 37 | N33: =MAX(M33-N32,0) -> 37 | O33: =MAX(N33-O32,0) -> 37 | P33: =MAX(O33-P32,0) -> 37 | ... V33: =MAX(U33-V32,0) -> 37
A34: Total time left (from spent) | G34: Burnout | H34: =C31 -> 38 | I34: =H34-I31 -> 34 | J34: =I34-J31 -> 30 | K34: =J34-K31 -> 24 | L34: =K34-L31 -> 21 | M34: =L34-M31 -> 16 | N34: =M34-N31 -> 16 | O34: =N34-O31 -> 16 | P34: =O34-P31 -> 15 | ... V34: =U34-V31 -> 0
A36: Complexity (story points) | B36: 31

Sheet Sprint Backlog (weeks 7-8)
A1: Sprint's Goal: Build backend system and improve login security + overall project | G1: Start Date: | H1: 46111 | I1: Work Done per day per task [Hours]
A2: User Story | B2: Time (est) | C2: Time (spent) | D2: Time (left) | E2: Task | F2: Time (est) | G2: Who's working | H2: Status | I2: =H1 -> 46111 | J2: =I2+1 -> 46112 | K2: =J2+1 -> 46113 | L2: =K2+1 -> 46114 | M2: =L2+1 -> 46115 | N2: =M2+1 -> 46116 | O2: =N2+1 -> 46117 | P2: =O2+1 -> 46118 | Q2: =P2+1 -> 46119 | ... V2: =U2+1 -> 46124
B3: 0 | C3: 0 | D3: 0
A18: Backend Integration | B18: =SUM(F18:F23) -> 14 | C18: =IF(B18<SUM(I18:I23, J18:J23, K18:K23,L18:L23,M18:M23,N18:N23,O18:O23,P18:P23,Q18:Q23,R18:R23,S18:S23,T18:T23,U18:U23,V18:V23),SUM(I18:I23, J18:J23, K18:K23,L18:L23,M18:M23,N18:N23,O18:O23,P18:P23,Q18:Q23,R18:R23,S18:S23,T18:T23,U18:U23,V18:V23),B18) -> 14 | D18: =IF(C18>B18,$C18-(SUM(I18:I23, J18:J23, K18:K23,L18:L23,M18:M23,N18:N23,O18:O23,P18:P23,Q18:Q23,R18:R23,S18:S23,T18:T23,U18:U23,V18:V23)),$B18-(SUM(I18:I23, J18:J23, K18:K23,L18:L23,M18:M23,N18:N23,O18:O23,P18:P23,Q18:Q23,R18:R23,S18:S23,T18:T23,U18:U23,V18:V23))) -> 11 | E18: Set up basic backend (server) | F18: 3 | G18: Daniel Howard | H18: TODO | I18: 1
E19: Connect frontend to backend | F19: 2 | G19: Bryce Batey | H19: TODO
E20: Create user database table | F20: 2 | G20: Ponpawit Potisom | H20: TODO | I20: 1
E21: Save user registration data | F21: 3 | G21: Daniel Howard | H21: TODO
E22: Load user data for dashboard | F22: 2 | G22: Bryce Batey | H22: TODO | I22: 1
E23: Test backend connection and fix bugs | F23: 2 | G23: Ponpawit Potisom | H23: TODO
A24: Secure Login System | B24: =SUM(F24:F26) -> 9 | C24: =IF(B24<SUM(I24:I26, J24:J26, K24:K26,L24:L26,M24:M26,N24:N26,O24:O26,P24:P26,Q24:Q26,R24:R26,S24:S26,T24:T26,U24:U26,V24:V26),SUM(I24:I26, J24:J26, K24:K26,L24:L26,M24:M26,N24:N26,O24:O26,P24:P26,Q24:Q26,R24:R26,S24:S26,T24:T26,U24:U26,V24:V26),B24) -> 9 | D24: =IF(C24>B24,$C24-(SUM(I24:I26, J24:J26, K24:K26,L24:L26,M24:M26,N24:N26,O24:O26,P24:P26,Q24:Q26,R24:R26,S24:S26,T24:T26,U24:U26,V24:V26)),$B24-(SUM(I24:I26, J24:J26, K24:K26,L24:L26,M24:M26,N24:N26,O24:O26,P24:P26,Q24:Q26,R24:R26,S24:S26,T24:T26,U24:U26,V24:V26))) -> 9 | E24: Improve login authentication logic | F24: 2 | G24: Ponpawit Potisom | H24: TODO
E25: Show error messages for wrong login | F25: 4 | G25: Bryce Batey | H25: TODO
E26: Protect admin access | F26: 3 | G26: Daniel Howard | H26: TODO
A27: Admin Panel Improvements | B27: =SUM(F27:F30) -> 10 | C27: =IF(B27<SUM(I27:I30, J27:J30, K27:K30,L27:L30,M27:M30,N27:N30,O27:O30,P27:P30,Q27:Q30,R27:R30,S27:S30,T27:T30,U27:U30,V27:V30),SUM(I27:I30, J27:J30, K27:K30,L27:L30,M27:M30,N27:N30,O27:O30,P27:P30,Q27:Q30,R27:R30,S27:S30,T27:T30,U27:U30,V27:V30),B27) -> 10 | D27: =IF(C27>B27,$C27-(SUM(I27:I30, J27:J30, K27:K30,L27:L30,M27:M30,N27:N30,O27:O30,P27:P30,Q27:Q30,R27:R30,S27:S30,T27:T30,U27:U30,V27:V30)),$B27-(SUM(I27:I30, J27:J30, K27:K30,L27:L30,M27:M30,N27:N30,O27:O30,P27:P30,Q27:Q30,R27:R30,S27:S30,T27:T30,U27:U30,V27:V30))) -> 10 | E27: Connect admin panel to backend | F27: 3 | G27: Daniel Howard | H27: TODO
E28: Add search users feature | F28: 3 | G28: Bryce Batey | H28: TODO
E29: Add edit user option | F29: 2 | G29: Daniel Howard | H29: TODO
E30: Improve table performance | F30: 2 | G30: Ponpawit Potisom | H30: TODO
A31: TOTAL | B31: =SUM(B3:B30) -> 33 | C31: =SUM(C3:C30) -> 33 | D31: =SUM(D3:D30) -> 30 | I31: =SUM(I3:I30) -> 3 | J31: =SUM(J3:J30) -> 0 | K31: =SUM(K3:K30) -> 0 | L31: =SUM(L3:L30) -> 0 | M31: =SUM(M3:M30) -> 0 | N31: =SUM(N3:N30) -> 0 | O31: =SUM(O3:O30) -> 0 | P31: =SUM(P3:P30) -> 0 | ... V31: =SUM(V3:V30) -> 0
A32: Daily burnout | B32: =B31-SUM(I32:V32) -> 33 | C32: =B32/B31 -> 1 | I32: =SUM('Team members'!$B:$B) -> 0 | J32: =SUM('Team members'!$B:$B) -> 0 | K32: =SUM('Team members'!$B:$B) -> 0 | L32: =SUM('Team members'!$B:$B) -> 0 | M32: =SUM('Team members'!$B:$B) -> 0 | N32: 0 | O32: 0 | P32: =SUM('Team members'!$B:$B) -> 0 | Q32: =SUM('Team members'!$B:$B) -> 0 | R32: =SUM('Team members'!$B:$B) -> 0 | S32: =SUM('Team members'!$B:$B) -> 0 | T32: =SUM('Team members'!$B:$B) -> 0 | U32: 0 | V32: 0
A33: Total time left (from estimate) | G33: Estimate | H33: =B31 -> 33 | I33: =MAX(H33-I32,0) -> 33 | J33: =MAX(I33-J32,0) -> 33 | K33: =MAX(J33-K32,0) -> 33 | L33: =MAX(K33-L32,0) -> 33 | M33: =MAX(L33-M32,0) -> 33 | N33: =MAX(M33-N32,0) -> 33 | O33: =MAX(N33-O32,0) -> 33 | P33: =MAX(O33-P32,0) -> 33 | ... V33: =MAX(U33-V32,0) -> 33
A34: Total time left (from spent) | G34: Burnout | H34: =C31 -> 33 | I34: =H34-I31 -> 30 | J34: =I34-J31 -> 30 | K34: =J34-K31 -> 30 | L34: =K34-L31 -> 30 | M34: =L34-M31 -> 30 | N34: =M34-N31 -> 30 | O34: =N34-O31 -> 30 | P34: =O34-P31 -> 30 | ... V34: =U34-V31 -> 30
A36: Complexity (story points) | B36: 31

Sheet Sprint Backlog (weeks 9-10)
A1: Sprint's Goal: Improve backend, make login more secure, and fix UI issues | G1: Start Date: | H1: 46125 | I1: Work Done per day per task [Hours]
A2: User Story | B2: Time (est) | C2: Time (spent) | D2: Time (left) | E2: Task | F2: Time (est) | G2: Who's working | H2: Status | I2: =H1 -> 46125 | J2: =I2+1 -> 46126 | K2: =J2+1 -> 46127 | L2: =K2+1 -> 46128 | M2: =L2+1 -> 46129 | N2: =M2+1 -> 46130 | O2: =N2+1 -> 46131 | P2: =O2+1 -> 46132 | Q2: =P2+1 -> 46133 | ... V2: =U2+1 -> 46138
B3: 0 | C3: 0 | D3: 0
A18: Backend Improvements | B18: =SUM(F18:F23) -> 16 | C18: =IF(B18<SUM(I18:I23, J18:J23, K18:K23,L18:L23,M18:M23,N18:N23,O18:O23,P18:P23,Q18:Q23,R18:R23,S18:S23,T18:T23,U18:U23,V18:V23),SUM(I18:I23, J18:J23, K18:K23,L18:L23,M18:M23,N18:N23,O18:O23,P18:P23,Q18:Q23,R18:R23,S18:S23,T18:T23,U18:U23,V18:V23),B18) -> 16 | D18: =IF(C18>B18,$C18-(SUM(I18:I23, J18:J23, K18:K23,L18:L23,M18:M23,N18:N23,O18:O23,P18:P23,Q18:Q23,R18:R23,S18:S23,T18:T23,U18:U23,V18:V23)),$B18-(SUM(I18:I23, J18:J23, K18:K23,L18:L23,M18:M23,N18:N23,O18:O23,P18:P23,Q18:Q23,R18:R23,S18:S23,T18:T23,U18:U23,V18:V23))) -> 16 | E18: Improve database structure | F18: 3 | G18: Daniel Howard | H18: TODO
E19: Optimize data loading | F19: 3 | G19: Bryce Batey | H19: TODO
E20: Improve backend routes | F20: 3 | G20: Ponpawit Potisom | H20: TODO
E21: Fix backend bugs | F21: 2 | G21: Daniel Howard | H21: TODO
E22: Test backend performance | F22: 3 | G22: Bryce Batey | H22: TODO
E23: Add color styling to improve UI design | F23: 2 | G23: Ponpawit Potisom | H23: TODO
A24: Security Improvements | B24: =SUM(F24:F26) -> 7 | C24: =IF(B24<SUM(I24:I26, J24:J26, K24:K26,L24:L26,M24:M26,N24:N26,O24:O26,P24:P26,Q24:Q26,R24:R26,S24:S26,T24:T26,U24:U26,V24:V26),SUM(I24:I26, J24:J26, K24:K26,L24:L26,M24:M26,N24:N26,O24:O26,P24:P26,Q24:Q26,R24:R26,S24:S26,T24:T26,U24:U26,V24:V26),B24) -> 7 | D24: =IF(C24>B24,$C24-(SUM(I24:I26, J24:J26, K24:K26,L24:L26,M24:M26,N24:N26,O24:O26,P24:P26,Q24:Q26,R24:R26,S24:S26,T24:T26,U24:U26,V24:V26)),$B24-(SUM(I24:I26, J24:J26, K24:K26,L24:L26,M24:M26,N24:N26,O24:O26,P24:P26,Q24:Q26,R24:R26,S24:S26,T24:T26,U24:U26,V24:V26))) -> 7 | E24: Improve password security | F24: 2 | G24: Ponpawit Potisom | H24: TODO
E25: Improve login | F25: 3 | G25: Bryce Batey | H25: TODO
E26: Test login system | F26: 2 | G26: Daniel Howard | H26: TODO
A27: UI & UX Improvements | B27: =SUM(F27:F30) -> 11 | C27: =IF(B27<SUM(I27:I30, J27:J30, K27:K30,L27:L30,M27:M30,N27:N30,O27:O30,P27:P30,Q27:Q30,R27:R30,S27:S30,T27:T30,U27:U30,V27:V30),SUM(I27:I30, J27:J30, K27:K30,L27:L30,M27:M30,N27:N30,O27:O30,P27:P30,Q27:Q30,R27:R30,S27:S30,T27:T30,U27:U30,V27:V30),B27) -> 11 | D27: =IF(C27>B27,$C27-(SUM(I27:I30, J27:J30, K27:K30,L27:L30,M27:M30,N27:N30,O27:O30,P27:P30,Q27:Q30,R27:R30,S27:S30,T27:T30,U27:U30,V27:V30)),$B27-(SUM(I27:I30, J27:J30, K27:K30,L27:L30,M27:M30,N27:N30,O27:O30,P27:P30,Q27:Q30,R27:R30,S27:S30,T27:T30,U27:U30,V27:V30))) -> 11 | E27: Improve navigation flow | F27: 3 | G27: Daniel Howard | H27: TODO
E28: Improve button and form design | F28: 3 | G28: Bryce Batey | H28: TODO
E29: Make pages more consistent | F29: 3 | G29: Daniel Howard | H29: TODO
E30: Test user experience | F30: 2 | G30: Ponpawit Potisom | H30: TODO
A31: TOTAL | B31: =SUM(B3:B30) -> 34 | C31: =SUM(C3:C30) -> 34 | D31: =SUM(D3:D30) -> 34 | I31: =SUM(I3:I30) -> 0 | J31: =SUM(J3:J30) -> 0 | K31: =SUM(K3:K30) -> 0 | L31: =SUM(L3:L30) -> 0 | M31: =SUM(M3:M30) -> 0 | N31: =SUM(N3:N30) -> 0 | O31: =SUM(O3:O30) -> 0 | P31: =SUM(P3:P30) -> 0 | ... V31: =SUM(V3:V30) -> 0
A32: Daily burnout | B32: =B31-SUM(I32:V32) -> 34 | C32: =B32/B31 -> 1 | I32: =SUM('Team members'!$B:$B) -> 0 | J32: =SUM('Team members'!$B:$B) -> 0 | K32: =SUM('Team members'!$B:$B) -> 0 | L32: =SUM('Team members'!$B:$B) -> 0 | M32: =SUM('Team members'!$B:$B) -> 0 | N32: 0 | O32: 0 | P32: =SUM('Team members'!$B:$B) -> 0 | Q32: =SUM('Team members'!$B:$B) -> 0 | R32: =SUM('Team members'!$B:$B) -> 0 | S32: =SUM('Team members'!$B:$B) -> 0 | T32: =SUM('Team members'!$B:$B) -> 0 | U32: 0 | V32: 0
A33: Total time left (from estimate) | G33: Estimate | H33: =B31 -> 34 | I33: =MAX(H33-I32,0) -> 34 | J33: =MAX(I33-J32,0) -> 34 | K33: =MAX(J33-K32,0) -> 34 | L33: =MAX(K33-L32,0) -> 34 | M33: =MAX(L33-M32,0) -> 34 | N33: =MAX(M33-N32,0) -> 34 | O33: =MAX(N33-O32,0) -> 34 | P33: =MAX(O33-P32,0) -> 34 | ... V33: =MAX(U33-V32,0) -> 34
A34: Total time left (from spent) | G34: Burnout | H34: =C31 -> 34 | I34: =H34-I31 -> 34 | J34: =I34-J31 -> 34 | K34: =J34-K31 -> 34 | L34: =K34-L31 -> 34 | M34: =L34-M31 -> 34 | N34: =M34-N31 -> 34 | O34: =N34-O31 -> 34 | P34: =O34-P31 -> 34 | ... V34: =U34-V31 -> 34
A36: Complexity (story points) | B36: 31

Sheet Team members
A1: Name | B1: How often we meet | C1: Roal | D1: How we meet
A2: Daniel Howard | B2: 1 time per week | C2: Scum Leader | D2: In-person
A3: Bryce Batey | B3: 1 time per week | C3: Developer | D3: Discord
A4: Ponpawit Potisom | B4: 1 time per week | C4: Developer | D4: In-person

Sheet Task statuses
A1: TODO
A2: Working
A3: Done
A4: Blocked
A5: Verify

Sheet Stakeholders
A2: User
A3: Moderator
A4: Client administrator
A5: Advertiser
A6: Developer
A7: Configuration Manager
